0,316,1.0
0,9,1.0
0,10,1.0
0,2,1.0
0,18,1.0
0,15,1.0
0,13,1.0
0,12,0.0
0,17,0.0
0,5,0.0
1,3,1.0
1,18,1.0
1,4,1.0
1,2,1.0
1,12,1.0
1,9,1.0
1,17,1.0
1,13,1.0
1,10,1.0
1,8,0.0
2,10,1.0
2,9,1.0
2,15,1.0
2,4,1.0
2,17,1.0
2,12,1.0
2,0,1.0
2,316,1.0
2,16,0.0
2,18,0.0
3,1,1.0
3,4,1.0
3,17,1.0
3,2,1.0
3,18,1.0
3,9,1.0
3,12,1.0
3,11,1.0
3,7,0.0
3,15,0.0
4,17,1.0
4,2,1.0
4,18,1.0
4,10,1.0
4,12,1.0
4,9,1.0
4,15,1.0
4,316,0.0
4,16,0.0
4,3,0.0
5,14,1.0
5,8,1.0
5,10,1.0
5,7,1.0
5,2,1.0
5,9,1.0
5,18,1.0
5,0,1.0
5,13,1.0
5,11,0.0
6,2,1.0
6,8,1.0
6,14,1.0
6,10,1.0
6,7,1.0
6,17,1.0
6,5,1.0
6,4,1.0
6,11,0.0
6,12,0.0
7,5,1.0
7,14,1.0
7,8,1.0
7,18,1.0
7,10,1.0
7,4,1.0
7,17,1.0
7,2,1.0
7,6,1.0
7,11,1.0
8,14,1.0
8,5,1.0
8,10,1.0
8,18,1.0
8,7,1.0
8,6,1.0
8,4,1.0
8,2,1.0
8,15,1.0
8,9,1.0
9,10,1.0
9,2,1.0
9,0,1.0
9,18,1.0
9,15,1.0
9,4,1.0
9,316,1.0
9,16,1.0
9,17,1.0
9,12,0.0
10,9,1.0
10,2,1.0
10,18,1.0
10,15,1.0
10,0,1.0
10,4,1.0
10,316,1.0
10,8,1.0
10,14,1.0
10,12,0.0
11,5,1.0
11,2,1.0
11,14,1.0
11,7,1.0
11,17,1.0
11,10,1.0
11,8,1.0
11,6,1.0
11,3,0.0
11,4,0.0
12,2,1.0
12,4,1.0
12,10,1.0
12,9,1.0
12,13,1.0
12,15,1.0
12,316,1.0
12,17,1.0
12,0,0.0
12,18,0.0
13,12,1.0
13,18,1.0
13,0,1.0
13,15,1.0
13,5,1.0
13,2,1.0
13,316,1.0
13,10,1.0
13,9,0.0
13,16,0.0
14,8,1.0
14,5,1.0
14,10,1.0
14,18,1.0
14,2,1.0
14,9,1.0
14,316,1.0
14,16,1.0
14,7,1.0
14,0,1.0
15,2,1.0
15,10,1.0
15,9,1.0
15,18,1.0
15,12,1.0
15,316,1.0
15,0,1.0
15,16,1.0
15,17,0.0
15,4,0.0
16,2,1.0
16,9,1.0
16,10,1.0
16,15,1.0
16,316,1.0
16,18,1.0
16,12,1.0
16,4,1.0
16,14,1.0
16,17,0.0
17,4,1.0
17,2,1.0
17,18,1.0
17,9,1.0
17,10,1.0
17,12,1.0
17,15,1.0
17,0,1.0
17,16,0.0
17,3,0.0
18,10,1.0
18,4,1.0
18,9,1.0
18,17,1.0
18,0,1.0
18,15,1.0
18,2,1.0
18,13,0.0
18,14,0.0
18,5,0.0
19,40,1.0
19,53,1.0
19,37,1.0
19,42,1.0
19,57,1.0
19,23,1.0
19,52,1.0
19,61,1.0
19,24,0.0
19,67,0.0
20,37,1.0
20,45,1.0
20,58,1.0
20,27,1.0
20,23,1.0
20,24,1.0
20,60,1.0
20,71,1.0
20,40,0.0
20,21,0.0
21,64,1.0
21,252,1.0
21,50,1.0
21,56,1.0
21,224,1.0
21,20,1.0
21,60,1.0
21,280,0.0
21,222,0.0
21,58,0.0
22,33,1.0
22,58,1.0
22,42,1.0
22,63,1.0
22,37,1.0
22,68,1.0
22,65,1.0
22,40,1.0
22,57,0.0
22,67,0.0
23,40,1.0
23,85,1.0
23,43,1.0
23,68,1.0
23,70,1.0
23,58,1.0
23,41,1.0
23,24,0.0
23,28,0.0
23,60,0.0
24,49,1.0
24,43,1.0
24,23,1.0
24,41,1.0
24,62,1.0
24,20,1.0
24,68,1.0
24,19,1.0
24,58,0.0
24,69,0.0
25,67,1.0
25,37,1.0
25,32,1.0
25,39,1.0
25,42,1.0
25,51,1.0
25,40,1.0
25,52,1.0
25,33,0.0
25,61,0.0
26,62,1.0
26,35,1.0
26,63,1.0
26,23,1.0
26,41,1.0
26,29,1.0
26,84,1.0
26,68,1.0
26,24,1.0
26,34,0.0
27,69,1.0
27,45,1.0
27,20,1.0
27,43,1.0
27,48,1.0
27,49,1.0
27,23,1.0
27,37,1.0
27,35,1.0
27,55,0.0
28,23,1.0
28,40,1.0
28,33,1.0
28,62,1.0
28,43,1.0
28,34,1.0
28,37,1.0
28,53,1.0
28,39,1.0
28,57,0.0
29,58,1.0
29,38,1.0
29,69,1.0
29,31,1.0
29,64,1.0
29,173,1.0
29,200,1.0
29,45,1.0
29,49,1.0
29,60,1.0
30,54,1.0
30,280,1.0
30,39,1.0
30,281,1.0
30,38,1.0
30,291,1.0
30,21,1.0
30,60,1.0
30,61,1.0
30,50,1.0
31,63,1.0
31,29,1.0
31,69,1.0
31,62,1.0
31,58,1.0
31,71,1.0
31,57,1.0
31,28,1.0
31,41,0.0
31,48,0.0
32,25,1.0
32,58,1.0
32,67,1.0
32,57,1.0
32,69,1.0
32,40,1.0
32,37,1.0
32,39,1.0
32,54,1.0
32,63,1.0
33,42,1.0
33,37,1.0
33,22,1.0
33,53,1.0
33,52,1.0
33,40,1.0
33,57,1.0
33,68,1.0
33,58,0.0
33,5,0.0
34,67,1.0
34,52,1.0
34,57,1.0
34,33,1.0
34,42,1.0
34,37,1.0
34,22,1.0
34,28,1.0
34,53,0.0
34,61,0.0
35,62,1.0
35,48,1.0
35,41,1.0
35,66,1.0
35,69,1.0
35,26,1.0
35,33,1.0
35,67,1.0
35,43,0.0
35,37,0.0
36,64,1.0
36,252,1.0
36,47,1.0
36,45,1.0
36,58,1.0
36,124,1.0
36,70,1.0
36,54,1.0
36,279,1.0
36,248,0.0
37,33,1.0
37,71,1.0
37,40,1.0
37,39,1.0
37,63,1.0
37,25,1.0
37,58,1.0
37,67,1.0
37,20,0.0
37,42,0.0
38,69,1.0
38,45,1.0
38,48,1.0
38,47,1.0
38,29,1.0
38,58,1.0
38,71,1.0
38,54,0.0
38,70,0.0
38,23,0.0
39,37,1.0
39,50,1.0
39,58,1.0
39,69,1.0
39,40,1.0
39,25,1.0
39,60,1.0
39,32,0.0
39,63,0.0
39,67,0.0
40,37,1.0
40,43,1.0
40,23,1.0
40,19,1.0
40,56,1.0
40,52,1.0
40,33,1.0
40,67,1.0
40,58,0.0
40,42,0.0
41,67,1.0
41,35,1.0
41,37,1.0
41,23,1.0
41,63,1.0
41,65,1.0
41,33,1.0
41,61,1.0
41,24,0.0
41,53,0.0
42,33,1.0
42,53,1.0
42,61,1.0
42,37,1.0
42,22,1.0
42,52,1.0
42,57,1.0
42,40,1.0
42,19,1.0
42,58,0.0
43,40,1.0
43,23,1.0
43,24,1.0
43,68,1.0
43,49,1.0
43,55,1.0
43,35,1.0
43,27,1.0
43,41,1.0
43,28,0.0
44,48,1.0
44,35,1.0
44,60,1.0
44,58,1.0
44,27,1.0
44,26,1.0
44,69,1.0
44,55,1.0
44,64,1.0
44,37,1.0
45,69,1.0
45,58,1.0
45,38,1.0
45,48,1.0
45,279,1.0
45,20,1.0
45,103,1.0
45,29,1.0
45,27,1.0
45,36,1.0
46,49,1.0
46,35,1.0
46,243,1.0
46,55,1.0
46,43,1.0
46,33,1.0
46,305,1.0
46,27,1.0
46,68,1.0
46,24,1.0
47,38,1.0
47,58,1.0
47,48,1.0
47,36,1.0
47,69,1.0
47,45,1.0
47,70,1.0
47,29,0.0
47,63,0.0
47,62,0.0
48,69,1.0
48,38,1.0
48,58,1.0
48,45,1.0
48,35,1.0
48,47,1.0
48,66,1.0
48,64,1.0
48,29,0.0
48,65,0.0
49,24,1.0
49,66,1.0
49,58,1.0
49,29,1.0
49,70,1.0
49,65,1.0
49,43,1.0
49,46,1.0
49,68,0.0
49,54,0.0
50,39,1.0
50,58,1.0
50,69,1.0
50,63,1.0
50,60,1.0
50,21,1.0
50,23,1.0
50,37,1.0
50,40,1.0
50,61,0.0
51,61,1.0
51,67,1.0
51,25,1.0
51,58,1.0
51,71,1.0
51,39,1.0
51,53,1.0
51,32,1.0
51,50,1.0
51,70,0.0
52,33,1.0
52,61,1.0
52,67,1.0
52,53,1.0
52,40,1.0
52,42,1.0
52,34,1.0
52,57,0.0
52,82,0.0
52,19,0.0
53,33,1.0
53,42,1.0
53,52,1.0
53,61,1.0
53,19,1.0
53,68,1.0
53,40,1.0
53,57,1.0
53,67,0.0
53,41,0.0
54,69,1.0
54,58,1.0
54,70,1.0
54,60,1.0
54,38,1.0
54,49,1.0
54,32,1.0
54,36,1.0
54,45,1.0
54,252,0.0
55,68,1.0
55,58,1.0
55,23,1.0
55,43,1.0
55,49,1.0
55,27,1.0
55,46,1.0
55,45,0.0
55,33,0.0
55,40,0.0
56,40,1.0
56,57,1.0
56,37,1.0
56,52,1.0
56,23,1.0
56,230,1.0
56,61,1.0
56,58,1.0
56,21,1.0
56,42,1.0
57,68,1.0
57,33,1.0
57,42,1.0
57,62,1.0
57,32,1.0
57,19,1.0
57,58,1.0
57,53,1.0
57,52,0.0
57,63,0.0
58,29,1.0
58,63,1.0
58,69,1.0
58,45,1.0
58,32,1.0
58,39,1.0
58,48,1.0
58,37,1.0
58,50,1.0
58,47,1.0
59,66,1.0
59,62,1.0
59,36,1.0
59,47,1.0
59,35,1.0
59,154,1.0
59,26,1.0
59,299,0.0
59,112,0.0
59,60,0.0
60,58,1.0
60,37,1.0
60,50,1.0
60,29,1.0
60,69,1.0
60,23,1.0
60,54,1.0
60,39,1.0
60,45,1.0
60,41,0.0
61,52,1.0
61,51,1.0
61,53,1.0
61,42,1.0
61,41,1.0
61,33,1.0
61,37,1.0
61,23,1.0
61,19,1.0
61,40,1.0
62,35,1.0
62,26,1.0
62,57,1.0
62,63,1.0
62,31,1.0
62,24,1.0
62,48,1.0
62,28,1.0
62,47,1.0
62,59,1.0
63,58,1.0
63,37,1.0
63,31,1.0
63,22,1.0
63,40,1.0
63,50,1.0
63,41,1.0
63,69,1.0
63,62,1.0
63,67,1.0
64,36,1.0
64,58,1.0
64,29,1.0
64,48,1.0
64,21,1.0
64,252,1.0
64,45,1.0
64,23,1.0
64,49,1.0
64,38,0.0
65,22,1.0
65,49,1.0
65,41,1.0
65,63,1.0
65,48,1.0
65,33,1.0
65,66,1.0
65,68,1.0
65,37,1.0
65,35,0.0
66,49,1.0
66,35,1.0
66,48,1.0
66,65,1.0
66,38,1.0
66,59,1.0
66,29,1.0
66,41,1.0
66,46,0.0
66,64,0.0
67,25,1.0
67,52,1.0
67,37,1.0
67,41,1.0
67,40,1.0
67,32,1.0
67,34,1.0
67,63,1.0
67,51,0.0
67,35,0.0
68,57,1.0
68,23,1.0
68,22,1.0
68,33,1.0
68,55,1.0
68,53,1.0
68,43,1.0
68,49,0.0
68,52,0.0
68,42,0.0
69,45,1.0
69,58,1.0
69,48,1.0
69,38,1.0
69,54,1.0
69,29,1.0
69,39,1.0
69,50,1.0
69,27,1.0
69,47,0.0
70,23,1.0
70,49,1.0
70,54,1.0
70,47,1.0
70,36,1.0
70,38,1.0
70,248,1.0
70,69,0.0
70,132,0.0
70,51,0.0
71,37,1.0
71,58,1.0
71,38,1.0
71,33,1.0
71,41,1.0
71,51,1.0
71,35,1.0
71,20,1.0
71,49,1.0
71,69,1.0
72,82,1.0
72,78,1.0
72,73,1.0
72,86,1.0
72,76,1.0
72,77,1.0
72,89,1.0
72,81,1.0
72,85,1.0
72,80,0.0
73,72,1.0
73,82,1.0
73,87,1.0
73,78,1.0
73,86,1.0
73,76,1.0
73,89,1.0
73,79,1.0
73,80,0.0
73,74,0.0
74,78,1.0
74,79,1.0
74,89,1.0
74,76,1.0
74,73,1.0
74,87,1.0
74,86,1.0
74,72,1.0
74,82,0.0
74,84,0.0
75,77,1.0
75,86,1.0
75,82,1.0
75,79,1.0
75,78,1.0
75,85,1.0
75,80,1.0
75,84,1.0
75,72,1.0
75,76,1.0
76,78,1.0
76,82,1.0
76,72,1.0
76,86,1.0
76,79,1.0
76,73,1.0
76,74,1.0
76,89,1.0
76,87,0.0
76,80,0.0
77,86,1.0
77,72,1.0
77,82,1.0
77,84,1.0
77,81,1.0
77,89,1.0
77,85,1.0
77,78,1.0
77,73,0.0
77,80,0.0
78,76,1.0
78,72,1.0
78,82,1.0
78,73,1.0
78,86,1.0
78,74,1.0
78,79,1.0
78,80,1.0
78,81,0.0
78,77,0.0
79,91,1.0
79,86,1.0
79,76,1.0
79,87,1.0
79,88,1.0
79,82,1.0
79,74,1.0
79,89,1.0
79,78,1.0
79,73,0.0
80,82,1.0
80,78,1.0
80,73,1.0
80,86,1.0
80,72,1.0
80,81,1.0
80,77,1.0
80,76,0.0
80,79,0.0
80,85,0.0
81,72,1.0
81,82,1.0
81,77,1.0
81,86,1.0
81,78,1.0
81,85,1.0
81,80,1.0
81,73,1.0
81,76,0.0
81,84,0.0
82,72,1.0
82,86,1.0
82,78,1.0
82,73,1.0
82,76,1.0
82,89,1.0
82,79,1.0
82,77,1.0
82,85,0.0
82,80,0.0
83,84,1.0
83,77,1.0
83,82,1.0
83,89,1.0
83,78,1.0
83,74,1.0
83,90,1.0
83,86,1.0
83,76,0.0
83,75,0.0
84,77,1.0
84,89,1.0
84,82,1.0
84,74,1.0
84,83,1.0
84,72,1.0
84,85,1.0
84,94,1.0
84,86,0.0
84,73,0.0
85,72,1.0
85,82,1.0
85,81,1.0
85,77,1.0
85,86,1.0
85,78,1.0
85,73,1.0
85,89,1.0
85,84,0.0
85,76,0.0
86,82,1.0
86,79,1.0
86,72,1.0
86,76,1.0
86,73,1.0
86,91,1.0
86,89,1.0
86,78,1.0
86,77,1.0
86,81,0.0
87,73,1.0
87,89,1.0
87,79,1.0
87,88,1.0
87,90,1.0
87,91,1.0
87,74,1.0
87,72,0.0
87,82,0.0
87,92,0.0
88,91,1.0
88,87,1.0
88,79,1.0
88,89,1.0
88,90,1.0
88,86,1.0
88,92,1.0
88,74,1.0
88,96,0.0
88,94,0.0
89,91,1.0
89,87,1.0
89,82,1.0
89,90,1.0
89,86,1.0
89,73,1.0
89,96,1.0
89,88,1.0
89,72,0.0
89,79,0.0
90,89,1.0
90,87,1.0
90,91,1.0
90,88,1.0
90,79,1.0
90,86,1.0
90,73,1.0
90,76,1.0
90,94,1.0
90,92,0.0
91,79,1.0
91,88,1.0
91,89,1.0
91,86,1.0
91,270,1.0
91,90,1.0
91,87,1.0
91,82,1.0
91,96,0.0
91,236,0.0
92,79,1.0
92,88,1.0
92,73,1.0
92,87,1.0
92,91,1.0
92,89,1.0
92,90,1.0
92,93,1.0
92,86,0.0
92,82,0.0
93,92,1.0
93,94,1.0
93,96,1.0
93,248,1.0
93,272,1.0
93,260,1.0
93,88,1.0
93,265,1.0
93,91,1.0
93,89,0.0
94,89,1.0
94,77,1.0
94,90,1.0
94,84,1.0
94,86,1.0
94,93,1.0
94,88,1.0
94,73,1.0
94,92,1.0
94,85,0.0
95,89,1.0
95,83,1.0
95,96,1.0
95,87,1.0
95,86,1.0
95,84,1.0
95,91,1.0
95,74,1.0
95,79,1.0
95,82,0.0
96,89,1.0
96,91,1.0
96,79,1.0
96,88,1.0
96,84,1.0
96,86,1.0
96,93,1.0
96,92,1.0
96,87,1.0
96,82,0.0
97,99,1.0
97,136,1.0
97,102,1.0
97,118,1.0
97,117,1.0
97,109,1.0
97,128,1.0
97,123,1.0
97,126,1.0
97,100,0.0
98,142,1.0
98,106,1.0
98,101,1.0
98,124,1.0
98,103,1.0
98,125,1.0
98,141,1.0
98,110,1.0
98,139,1.0
98,119,0.0
99,97,1.0
99,143,1.0
99,108,1.0
99,107,1.0
99,136,1.0
99,115,1.0
99,100,1.0
99,138,1.0
99,123,1.0
99,109,0.0
100,109,1.0
100,123,1.0
100,105,1.0
100,118,1.0
100,136,1.0
100,126,1.0
100,115,1.0
100,97,1.0
100,108,0.0
100,131,0.0
101,106,1.0
101,141,1.0
101,125,1.0
101,142,1.0
101,98,1.0
101,129,1.0
101,110,1.0
101,103,1.0
101,124,0.0
101,112,0.0
102,136,1.0
102,97,1.0
102,117,1.0
102,128,1.0
102,118,1.0
102,135,1.0
102,131,1.0
102,109,1.0
102,123,1.0
102,143,0.0
103,106,1.0
103,101,1.0
103,129,1.0
103,141,1.0
103,98,1.0
103,112,1.0
103,110,1.0
103,279,1.0
103,124,0.0
103,142,0.0
104,112,1.0
104,129,1.0
104,103,1.0
104,101,1.0
104,106,1.0
104,141,1.0
104,98,1.0
104,110,0.0
104,124,0.0
104,132,0.0
105,126,1.0
105,123,1.0
105,109,1.0
105,100,1.0
105,131,1.0
105,115,1.0
105,108,1.0
105,122,0.0
105,136,0.0
105,118,0.0
106,101,1.0
106,98,1.0
106,129,1.0
106,103,1.0
106,142,1.0
106,110,1.0
106,124,1.0
106,141,1.0
106,139,0.0
106,125,0.0
107,117,1.0
107,128,1.0
107,109,1.0
107,136,1.0
107,131,1.0
107,143,1.0
107,118,1.0
107,99,1.0
107,135,1.0
107,97,0.0
108,136,1.0
108,115,1.0
108,143,1.0
108,123,1.0
108,131,1.0
108,109,1.0
108,122,1.0
108,118,1.0
108,99,0.0
108,126,0.0
109,111,1.0
109,123,1.0
109,131,1.0
109,136,1.0
109,100,1.0
109,118,1.0
109,128,1.0
109,107,1.0
109,108,1.0
109,97,1.0
110,101,1.0
110,119,1.0
110,141,1.0
110,106,1.0
110,129,1.0
110,103,1.0
110,98,1.0
110,125,1.0
110,142,0.0
110,124,0.0
111,109,1.0
111,123,1.0
111,131,1.0
111,115,1.0
111,107,1.0
111,136,1.0
111,118,1.0
111,135,1.0
111,117,1.0
111,102,1.0
112,129,1.0
112,103,1.0
112,101,1.0
112,104,1.0
112,110,1.0
112,106,1.0
112,279,1.0
112,141,1.0
112,125,0.0
112,98,0.0
113,143,1.0
113,122,1.0
113,126,1.0
113,117,1.0
113,108,1.0
113,128,1.0
113,131,1.0
113,107,1.0
113,137,1.0
113,136,0.0
114,143,1.0
114,117,1.0
114,107,1.0
114,128,1.0
114,131,1.0
114,116,1.0
114,113,1.0
114,130,1.0
114,99,1.0
114,102,0.0
115,123,1.0
115,131,1.0
115,126,1.0
115,108,1.0
115,109,1.0
115,111,1.0
115,117,1.0
115,100,1.0
115,122,1.0
115,105,0.0
116,138,1.0
116,117,1.0
116,128,1.0
116,143,1.0
116,113,1.0
116,107,1.0
116,99,1.0
116,131,0.0
116,102,0.0
116,114,0.0
117,131,1.0
117,128,1.0
117,143,1.0
117,102,1.0
117,107,1.0
117,136,1.0
117,97,1.0
117,109,1.0
117,123,1.0
117,115,0.0
118,136,1.0
118,123,1.0
118,97,1.0
118,109,1.0
118,102,1.0
118,122,1.0
118,108,1.0
118,100,1.0
118,133,1.0
118,107,0.0
119,110,1.0
119,124,1.0
119,141,1.0
119,98,1.0
119,127,1.0
119,132,1.0
119,142,1.0
119,115,1.0
119,121,1.0
119,139,0.0
120,121,1.0
120,97,1.0
120,99,1.0
120,125,1.0
120,101,1.0
120,142,1.0
120,127,1.0
120,141,1.0
120,119,0.0
120,132,0.0
121,125,1.0
121,141,1.0
121,97,1.0
121,120,1.0
121,99,1.0
121,127,1.0
121,119,1.0
121,173,1.0
121,139,1.0
121,133,1.0
122,143,1.0
122,126,1.0
122,123,1.0
122,136,1.0
122,131,1.0
122,109,1.0
122,108,1.0
122,133,1.0
122,118,0.0
122,115,0.0
123,109,1.0
123,111,1.0
123,131,1.0
123,136,1.0
123,143,1.0
123,118,1.0
123,115,1.0
123,105,1.0
123,122,1.0
123,126,0.0
124,127,1.0
124,142,1.0
124,98,1.0
124,106,1.0
124,119,1.0
124,125,1.0
124,101,1.0
124,139,1.0
124,141,0.0
124,103,0.0
125,121,1.0
125,101,1.0
125,141,1.0
125,98,1.0
125,173,1.0
125,110,1.0
125,124,1.0
125,139,1.0
125,127,1.0
125,142,0.0
126,105,1.0
126,122,1.0
126,123,1.0
126,131,1.0
126,115,1.0
126,143,1.0
126,97,1.0
126,100,1.0
126,113,0.0
126,108,0.0
127,139,1.0
127,124,1.0
127,142,1.0
127,125,1.0
127,119,1.0
127,98,1.0
127,101,1.0
127,121,1.0
127,141,1.0
127,132,1.0
128,117,1.0
128,107,1.0
128,102,1.0
128,109,1.0
128,123,1.0
128,136,1.0
128,97,1.0
128,135,1.0
128,143,1.0
128,108,0.0
129,106,1.0
129,101,1.0
129,103,1.0
129,112,1.0
129,110,1.0
129,98,1.0
129,141,1.0
129,104,1.0
129,142,0.0
129,124,0.0
130,127,1.0
130,113,1.0
130,101,1.0
130,143,1.0
130,115,1.0
130,116,1.0
130,137,1.0
130,121,1.0
130,133,1.0
130,120,0.0
131,123,1.0
131,143,1.0
131,109,1.0
131,117,1.0
131,115,1.0
131,126,1.0
131,122,1.0
131,102,0.0
131,108,0.0
131,111,0.0
132,119,1.0
132,127,1.0
132,110,1.0
132,124,1.0
132,120,1.0
132,101,1.0
132,139,1.0
132,141,1.0
132,99,0.0
132,129,0.0
133,136,1.0
133,122,1.0
133,118,1.0
133,123,1.0
133,108,1.0
133,115,1.0
133,137,1.0
133,126,1.0
133,131,0.0
133,109,0.0
134,142,1.0
134,100,1.0
134,133,1.0
134,124,1.0
134,126,1.0
134,123,1.0
134,121,1.0
134,140,1.0
134,139,0.0
134,109,0.0
135,102,1.0
135,128,1.0
135,107,1.0
135,117,1.0
135,109,1.0
135,97,1.0
135,131,1.0
135,136,1.0
135,111,0.0
135,118,0.0
136,118,1.0
136,123,1.0
136,102,1.0
136,108,1.0
136,109,1.0
136,97,1.0
136,122,1.0
136,117,1.0
136,133,0.0
136,128,0.0
137,143,1.0
137,123,1.0
137,109,1.0
137,122,1.0
137,131,1.0
137,126,1.0
137,102,1.0
137,136,1.0
137,133,1.0
137,113,0.0
138,99,1.0
138,107,1.0
138,97,1.0
138,115,1.0
138,116,1.0
138,117,1.0
138,128,1.0
138,108,1.0
138,126,0.0
138,140,0.0
139,127,1.0
139,98,1.0
139,142,1.0
139,125,1.0
139,124,1.0
139,101,1.0
139,106,1.0
139,141,1.0
139,126,0.0
139,119,0.0
140,108,1.0
140,115,1.0
140,109,1.0
140,123,1.0
140,143,1.0
140,105,1.0
140,99,1.0
140,100,1.0
140,131,0.0
140,136,0.0
141,101,1.0
141,103,1.0
141,110,1.0
141,125,1.0
141,98,1.0
141,106,1.0
141,119,1.0
141,142,1.0
141,121,1.0
141,124,0.0
142,98,1.0
142,101,1.0
142,124,1.0
142,106,1.0
142,127,1.0
142,139,1.0
142,141,1.0
142,134,1.0
142,110,0.0
142,125,0.0
143,131,1.0
143,123,1.0
143,122,1.0
143,117,1.0
143,137,1.0
143,108,1.0
143,113,1.0
143,109,1.0
143,126,0.0
143,136,0.0
144,151,1.0
144,193,1.0
144,155,1.0
144,186,1.0
144,192,1.0
144,168,1.0
144,171,1.0
144,146,1.0
144,177,0.0
144,157,0.0
145,182,1.0
145,179,1.0
145,172,1.0
145,152,1.0
145,151,1.0
145,190,1.0
145,149,1.0
145,193,1.0
145,180,1.0
145,189,0.0
146,144,1.0
146,192,1.0
146,171,1.0
146,172,1.0
146,155,1.0
146,198,1.0
146,193,1.0
146,161,1.0
146,151,0.0
146,168,0.0
147,182,1.0
147,173,1.0
147,164,1.0
147,184,1.0
147,207,1.0
147,150,1.0
147,149,1.0
147,212,1.0
147,156,1.0
147,203,1.0
148,185,1.0
148,172,1.0
148,167,1.0
148,205,1.0
148,210,1.0
148,170,1.0
148,151,1.0
148,211,0.0
148,175,0.0
148,212,0.0
149,180,1.0
149,211,1.0
149,172,1.0
149,167,1.0
149,151,1.0
149,176,1.0
149,152,1.0
149,156,0.0
149,193,0.0
149,190,0.0
150,205,1.0
150,173,1.0
150,209,1.0
150,160,1.0
150,153,1.0
150,195,1.0
150,163,1.0
150,182,0.0
150,145,0.0
150,170,0.0
151,193,1.0
151,206,1.0
151,155,1.0
151,144,1.0
151,157,1.0
151,211,1.0
151,198,1.0
151,168,1.0
151,172,0.0
151,179,0.0
152,179,1.0
152,180,1.0
152,189,1.0
152,149,1.0
152,145,1.0
152,211,1.0
152,198,1.0
152,172,1.0
152,155,1.0
152,192,1.0
153,150,1.0
153,181,1.0
153,159,1.0
153,148,1.0
153,212,1.0
153,227,1.0
153,209,1.0
153,173,1.0
153,184,1.0
153,163,0.0
154,200,1.0
154,173,1.0
154,207,1.0
154,215,1.0
154,170,1.0
154,212,1.0
154,195,1.0
154,279,1.0
154,218,1.0
154,184,0.0
155,192,1.0
155,151,1.0
155,198,1.0
155,144,1.0
155,193,1.0
155,172,1.0
155,168,1.0
155,211,1.0
155,169,0.0
155,190,0.0
156,167,1.0
156,180,1.0
156,174,1.0
156,149,1.0
156,210,1.0
156,151,1.0
156,172,1.0
156,212,1.0
156,193,0.0
156,206,0.0
157,151,1.0
157,193,1.0
157,168,1.0
157,169,1.0
157,186,1.0
157,144,1.0
157,177,1.0
157,198,0.0
157,171,0.0
157,175,0.0
158,189,1.0
158,151,1.0
158,152,1.0
158,190,1.0
158,145,1.0
158,179,1.0
158,206,1.0
158,198,1.0
158,217,1.0
158,174,0.0
159,177,1.0
159,186,1.0
159,144,1.0
159,151,1.0
159,193,1.0
159,168,1.0
159,169,1.0
159,146,1.0
159,157,1.0
159,192,0.0
160,150,1.0
160,205,1.0
160,189,1.0
160,207,1.0
160,167,1.0
160,170,1.0
160,210,1.0
160,204,1.0
160,206,1.0
160,195,1.0
161,169,1.0
161,193,1.0
161,146,1.0
161,157,1.0
161,155,1.0
161,216,1.0
161,177,1.0
161,172,1.0
161,186,1.0
161,175,0.0
162,182,1.0
162,179,1.0
162,148,1.0
162,149,1.0
162,180,1.0
162,216,1.0
162,175,1.0
162,210,1.0
162,189,1.0
162,152,0.0
163,209,1.0
163,173,1.0
163,195,1.0
163,210,1.0
163,150,1.0
163,164,1.0
163,182,1.0
163,200,1.0
163,153,1.0
163,194,0.0
164,200,1.0
164,218,1.0
164,151,1.0
164,195,1.0
164,189,1.0
164,182,1.0
164,149,1.0
164,156,1.0
164,212,1.0
164,207,0.0
165,217,1.0
165,151,1.0
165,206,1.0
165,144,1.0
165,195,1.0
165,218,1.0
165,193,1.0
165,216,1.0
165,155,0.0
165,174,0.0
166,172,1.0
166,206,1.0
166,149,1.0
166,167,1.0
166,195,1.0
166,217,1.0
166,200,1.0
166,214,1.0
166,193,0.0
166,210,0.0
167,172,1.0
167,151,1.0
167,211,1.0
167,176,1.0
167,210,1.0
167,155,1.0
167,193,1.0
167,180,1.0
167,149,1.0
167,192,0.0
168,198,1.0
168,193,1.0
168,151,1.0
168,192,1.0
168,157,1.0
168,155,1.0
168,211,1.0
168,144,1.0
168,216,0.0
168,169,0.0
169,155,1.0
169,193,1.0
169,157,1.0
169,186,1.0
169,168,1.0
169,161,1.0
169,179,1.0
169,216,1.0
169,151,0.0
169,198,0.0
170,151,1.0
170,190,1.0
170,198,1.0
170,182,1.0
170,185,1.0
170,155,1.0
170,206,1.0
170,172,1.0
170,205,0.0
170,176,0.0
171,193,1.0
171,144,1.0
171,155,1.0
171,186,1.0
171,151,1.0
171,146,1.0
171,192,1.0
171,157,1.0
171,172,1.0
171,177,1.0
172,193,1.0
172,211,1.0
172,198,1.0
172,155,1.0
172,179,1.0
172,151,1.0
172,185,1.0
172,167,1.0
172,192,0.0
172,168,0.0
173,209,1.0
173,125,1.0
173,195,1.0
173,205,1.0
173,170,1.0
173,150,1.0
173,163,1.0
173,121,0.0
173,155,0.0
173,182,0.0
174,156,1.0
174,151,1.0
174,206,1.0
174,167,1.0
174,210,1.0
174,190,1.0
174,212,1.0
174,198,1.0
174,158,1.0
174,189,0.0
175,151,1.0
175,168,1.0
175,155,1.0
175,193,1.0
175,167,1.0
175,172,1.0
175,179,1.0
175,182,1.0
175,144,1.0
175,157,1.0
176,167,1.0
176,180,1.0
176,172,1.0
176,149,1.0
176,217,1.0
176,182,1.0
176,185,1.0
176,211,0.0
176,192,0.0
176,170,0.0
177,186,1.0
177,144,1.0
177,159,1.0
177,157,1.0
177,193,1.0
177,171,1.0
177,169,1.0
177,151,0.0
177,146,0.0
177,161,0.0
178,149,1.0
178,206,1.0
178,172,1.0
178,175,1.0
178,217,1.0
178,151,1.0
178,180,1.0
178,210,1.0
178,179,1.0
178,152,0.0
179,198,1.0
179,172,1.0
179,211,1.0
179,151,1.0
179,152,1.0
179,155,1.0
179,185,1.0
179,193,1.0
179,192,0.0
179,169,0.0
180,149,1.0
180,151,1.0
180,172,1.0
180,206,1.0
180,176,1.0
180,167,1.0
180,179,1.0
180,156,1.0
180,182,1.0
180,155,0.0
181,216,1.0
181,193,1.0
181,190,1.0
181,206,1.0
181,208,1.0
181,195,1.0
181,182,1.0
181,192,1.0
181,185,0.0
181,161,0.0
182,210,1.0
182,190,1.0
182,145,1.0
182,151,1.0
182,180,1.0
182,175,1.0
182,170,1.0
182,198,1.0
182,167,1.0
182,193,0.0
183,211,1.0
183,198,1.0
183,216,1.0
183,210,1.0
183,182,1.0
183,149,1.0
183,167,1.0
183,151,1.0
183,148,0.0
183,179,0.0
184,149,1.0
184,156,1.0
184,180,1.0
184,211,1.0
184,203,1.0
184,167,1.0
184,210,1.0
184,216,1.0
184,151,0.0
184,144,0.0
185,172,1.0
185,198,1.0
185,179,1.0
185,151,1.0
185,155,1.0
185,193,1.0
185,144,1.0
185,211,1.0
185,168,0.0
185,190,0.0
186,144,1.0
186,169,1.0
186,151,1.0
186,177,1.0
186,157,1.0
186,192,1.0
186,171,1.0
186,193,1.0
186,155,0.0
186,211,0.0
187,185,1.0
187,170,1.0
187,144,1.0
187,188,1.0
187,173,1.0
187,216,1.0
187,212,1.0
187,195,1.0
187,165,1.0
187,194,0.0
188,211,1.0
188,198,1.0
188,216,1.0
188,151,1.0
188,182,1.0
188,210,1.0
188,172,1.0
188,155,1.0
188,193,0.0
188,179,0.0
189,151,1.0
189,179,1.0
189,202,1.0
189,180,1.0
189,152,1.0
189,206,1.0
189,182,1.0
189,190,1.0
189,158,1.0
189,175,0.0
190,151,1.0
190,155,1.0
190,206,1.0
190,193,1.0
190,172,1.0
190,182,1.0
190,170,1.0
190,144,1.0
190,185,0.0
190,180,0.0
191,172,1.0
191,190,1.0
191,151,1.0
191,148,1.0
191,149,1.0
191,167,1.0
191,210,1.0
191,198,1.0
191,189,1.0
191,180,0.0
192,155,1.0
192,198,1.0
192,193,1.0
192,206,1.0
192,168,1.0
192,211,1.0
192,144,1.0
192,172,0.0
192,151,0.0
192,186,0.0
193,151,1.0
193,172,1.0
193,144,1.0
193,171,1.0
193,155,1.0
193,192,1.0
193,168,1.0
193,157,1.0
193,198,0.0
193,169,0.0
194,155,1.0
194,210,1.0
194,218,1.0
194,200,1.0
194,144,1.0
194,192,1.0
194,195,1.0
194,173,1.0
194,167,0.0
194,163,0.0
195,144,1.0
195,206,1.0
195,193,1.0
195,212,1.0
195,173,1.0
195,182,1.0
195,217,1.0
195,155,1.0
195,210,0.0
195,190,0.0
196,193,1.0
196,155,1.0
196,192,1.0
196,144,1.0
196,168,1.0
196,216,1.0
196,195,1.0
196,171,1.0
196,211,1.0
196,151,0.0
197,191,1.0
197,148,1.0
197,181,1.0
197,184,1.0
197,218,1.0
197,212,1.0
197,178,1.0
197,215,1.0
197,160,0.0
197,194,0.0
198,211,1.0
198,155,1.0
198,179,1.0
198,151,1.0
198,192,1.0
198,172,1.0
198,168,1.0
198,216,0.0
198,193,0.0
198,206,0.0
199,149,1.0
199,176,1.0
199,200,1.0
199,192,1.0
199,178,1.0
199,180,1.0
199,204,1.0
199,186,1.0
199,198,0.0
199,203,0.0
200,164,1.0
200,195,1.0
200,218,1.0
200,207,1.0
200,212,1.0
200,154,1.0
200,166,1.0
200,151,1.0
200,149,0.0
200,173,0.0
201,206,1.0
201,216,1.0
201,180,1.0
201,162,1.0
201,217,1.0
201,167,1.0
201,166,1.0
201,189,1.0
201,176,0.0
201,190,0.0
202,193,1.0
202,151,1.0
202,189,1.0
202,198,1.0
202,192,1.0
202,172,1.0
202,206,1.0
202,171,1.0
202,168,1.0
202,179,0.0
203,168,1.0
203,182,1.0
203,192,1.0
203,211,1.0
203,207,1.0
203,198,1.0
203,179,1.0
203,152,1.0
203,172,1.0
203,156,0.0
204,198,1.0
204,152,1.0
204,179,1.0
204,206,1.0
204,149,1.0
204,189,1.0
204,203,1.0
204,178,1.0
204,156,0.0
204,174,0.0
205,170,1.0
205,148,1.0
205,173,1.0
205,150,1.0
205,188,1.0
205,160,1.0
205,209,1.0
205,210,1.0
205,195,0.0
205,190,0.0
206,151,1.0
206,192,1.0
206,217,1.0
206,190,1.0
206,155,1.0
206,193,1.0
206,198,1.0
206,216,1.0
206,180,0.0
206,172,0.0
207,203,1.0
207,200,1.0
207,184,1.0
207,189,1.0
207,170,1.0
207,212,1.0
207,218,1.0
207,149,1.0
207,165,1.0
207,160,0.0
208,181,1.0
208,189,1.0
208,212,1.0
208,184,1.0
208,174,1.0
208,148,1.0
208,206,1.0
208,204,1.0
208,168,1.0
208,210,1.0
209,173,1.0
209,163,1.0
209,182,1.0
209,150,1.0
209,205,1.0
209,195,1.0
209,210,1.0
209,185,1.0
209,155,1.0
209,167,0.0
210,151,1.0
210,217,1.0
210,182,1.0
210,216,1.0
210,155,1.0
210,167,1.0
210,198,1.0
210,206,1.0
210,172,0.0
210,156,0.0
211,198,1.0
211,151,1.0
211,172,1.0
211,179,1.0
211,155,1.0
211,192,1.0
211,216,1.0
211,168,1.0
211,193,0.0
211,167,0.0
212,156,1.0
212,210,1.0
212,195,1.0
212,174,1.0
212,151,1.0
212,148,1.0
212,171,1.0
212,157,1.0
212,168,0.0
212,170,0.0
213,156,1.0
213,174,1.0
213,182,1.0
213,210,1.0
213,167,1.0
213,149,1.0
213,205,1.0
213,209,1.0
213,158,1.0
213,206,1.0
214,203,1.0
214,206,1.0
214,185,1.0
214,217,1.0
214,193,1.0
214,151,1.0
214,166,1.0
214,148,1.0
214,170,1.0
214,172,0.0
215,173,1.0
215,207,1.0
215,197,1.0
215,194,1.0
215,154,1.0
215,195,1.0
215,200,1.0
215,181,0.0
215,218,0.0
215,184,0.0
216,198,1.0
216,211,1.0
216,151,1.0
216,217,1.0
216,155,1.0
216,193,1.0
216,168,1.0
216,206,1.0
216,210,0.0
216,144,0.0
217,151,1.0
217,206,1.0
217,216,1.0
217,210,1.0
217,155,1.0
217,198,1.0
217,192,1.0
217,144,1.0
217,168,0.0
217,193,0.0
218,144,1.0
218,165,1.0
218,206,1.0
218,195,1.0
218,200,1.0
218,164,1.0
218,192,1.0
218,151,1.0
218,212,0.0
218,217,0.0
219,225,1.0
219,221,1.0
219,226,1.0
219,223,1.0
219,220,1.0
219,224,1.0
219,222,1.0
219,298,0.0
219,307,0.0
219,288,0.0
220,225,1.0
220,223,1.0
220,226,1.0
220,222,1.0
220,219,1.0
220,286,1.0
220,224,1.0
220,288,1.0
220,221,1.0
220,236,0.0
221,225,1.0
221,219,1.0
221,223,1.0
221,224,1.0
221,222,1.0
221,226,1.0
221,300,1.0
221,220,1.0
221,288,1.0
221,293,0.0
222,225,1.0
222,224,1.0
222,223,1.0
222,226,1.0
222,220,1.0
222,221,1.0
222,219,1.0
222,143,0.0
222,108,0.0
222,213,0.0
223,225,1.0
223,226,1.0
223,220,1.0
223,222,1.0
223,219,1.0
223,221,1.0
223,224,1.0
223,288,1.0
223,286,0.0
223,297,0.0
224,222,1.0
224,225,1.0
224,221,1.0
224,226,1.0
224,219,1.0
224,223,1.0
224,220,1.0
224,288,0.0
224,293,0.0
224,289,0.0
225,223,1.0
225,220,1.0
225,226,1.0
225,219,1.0
225,221,1.0
225,222,1.0
225,224,1.0
225,288,0.0
225,293,0.0
225,286,0.0
226,223,1.0
226,225,1.0
226,220,1.0
226,222,1.0
226,219,1.0
226,224,1.0
226,221,1.0
226,17,0.0
226,286,0.0
226,13,0.0
227,153,1.0
227,255,1.0
227,256,1.0
227,159,1.0
227,264,1.0
227,269,1.0
227,245,1.0
227,259,1.0
227,240,0.0
227,278,0.0
228,230,1.0
228,242,1.0
228,241,1.0
228,246,1.0
228,231,1.0
228,235,1.0
228,276,1.0
228,236,1.0
228,244,1.0
228,239,0.0
229,278,1.0
229,231,1.0
229,275,1.0
229,253,1.0
229,239,1.0
229,236,1.0
229,228,1.0
229,232,1.0
229,235,1.0
229,282,0.0
230,241,1.0
230,234,1.0
230,231,1.0
230,228,1.0
230,242,1.0
230,261,1.0
230,246,1.0
230,266,1.0
230,235,1.0
230,240,0.0
231,241,1.0
231,246,1.0
231,236,1.0
231,266,1.0
231,232,1.0
231,239,1.0
231,240,1.0
231,261,1.0
231,253,0.0
231,235,0.0
232,241,1.0
232,231,1.0
232,266,1.0
232,244,1.0
232,240,1.0
232,262,1.0
232,253,1.0
232,259,1.0
232,264,1.0
232,237,0.0
233,252,1.0
233,248,1.0
233,302,1.0
233,289,1.0
233,244,1.0
233,267,1.0
233,265,1.0
233,291,1.0
233,232,1.0
233,282,1.0
234,230,1.0
234,237,1.0
234,274,1.0
234,249,1.0
234,248,1.0
234,235,1.0
234,228,1.0
234,244,1.0
234,265,0.0
234,239,0.0
235,236,1.0
235,231,1.0
235,266,1.0
235,239,1.0
235,270,1.0
235,278,1.0
235,261,1.0
235,245,1.0
235,240,1.0
235,241,1.0
236,235,1.0
236,231,1.0
236,245,1.0
236,239,1.0
236,270,1.0
236,240,1.0
236,118,1.0
236,241,1.0
236,277,0.0
236,266,0.0
237,241,1.0
237,240,1.0
237,232,1.0
237,276,1.0
237,234,1.0
237,278,1.0
237,253,1.0
237,230,1.0
237,274,1.0
237,231,0.0
238,245,1.0
238,231,1.0
238,236,1.0
238,79,1.0
238,211,1.0
238,232,1.0
238,91,1.0
238,0,1.0
238,18,1.0
238,186,1.0
239,231,1.0
239,236,1.0
239,245,1.0
239,235,1.0
239,270,1.0
239,253,1.0
239,261,1.0
239,274,1.0
239,136,1.0
239,275,0.0
240,241,1.0
240,231,1.0
240,253,1.0
240,236,1.0
240,232,1.0
240,246,1.0
240,237,1.0
240,266,1.0
240,261,1.0
240,276,1.0
241,231,1.0
241,240,1.0
241,232,1.0
241,266,1.0
241,230,1.0
241,246,1.0
241,237,1.0
241,253,0.0
241,276,0.0
241,261,0.0
242,261,1.0
242,246,1.0
242,230,1.0
242,228,1.0
242,241,1.0
242,235,1.0
242,231,1.0
242,273,0.0
242,266,0.0
242,276,0.0
243,255,1.0
243,229,1.0
243,236,1.0
243,239,1.0
243,305,1.0
243,231,1.0
243,235,1.0
243,275,1.0
243,265,0.0
243,246,0.0
244,232,1.0
244,230,1.0
244,258,1.0
244,231,1.0
244,228,1.0
244,259,1.0
244,267,1.0
244,254,1.0
244,249,1.0
244,237,1.0
245,236,1.0
245,239,1.0
245,270,1.0
245,262,1.0
245,254,1.0
245,231,1.0
245,235,1.0
245,240,1.0
245,253,1.0
245,278,0.0
246,231,1.0
246,241,1.0
246,242,1.0
246,240,1.0
246,253,1.0
246,261,1.0
246,230,1.0
246,266,1.0
246,228,1.0
246,239,0.0
247,142,1.0
247,248,1.0
247,93,1.0
247,280,1.0
247,249,1.0
247,252,1.0
247,234,1.0
247,120,1.0
247,70,1.0
247,124,0.0
248,234,1.0
248,233,1.0
248,252,1.0
248,93,1.0
248,265,1.0
248,260,1.0
248,142,1.0
248,249,1.0
248,94,0.0
248,132,0.0
249,234,1.0
249,244,1.0
249,263,1.0
249,228,1.0
249,230,1.0
249,258,1.0
249,248,1.0
249,278,1.0
249,242,0.0
249,250,0.0
250,252,1.0
250,264,1.0
250,237,1.0
250,244,1.0
250,278,1.0
250,269,1.0
250,263,1.0
250,262,1.0
250,274,1.0
250,256,1.0
251,231,1.0
251,235,1.0
251,241,1.0
251,230,1.0
251,100,1.0
251,239,1.0
251,232,1.0
251,236,1.0
251,261,0.0
251,121,0.0
252,250,1.0
252,260,1.0
252,233,1.0
252,248,1.0
252,173,1.0
252,36,1.0
252,279,1.0
252,291,1.0
252,121,1.0
252,285,1.0
253,240,1.0
253,231,1.0
253,266,1.0
253,254,1.0
253,241,1.0
253,274,1.0
253,261,1.0
253,265,0.0
253,246,0.0
253,278,0.0
254,253,1.0
254,265,1.0
254,245,1.0
254,274,1.0
254,278,1.0
254,255,1.0
254,240,1.0
254,267,1.0
254,244,0.0
254,232,0.0
255,245,1.0
255,268,1.0
255,254,1.0
255,236,1.0
255,278,1.0
255,239,1.0
255,243,1.0
255,227,0.0
255,270,0.0
255,276,0.0
256,278,1.0
256,274,1.0
256,237,1.0
256,253,1.0
256,260,1.0
256,259,1.0
256,264,1.0
256,227,1.0
256,252,1.0
256,271,0.0
257,264,1.0
257,278,1.0
257,245,1.0
257,275,1.0
257,235,1.0
257,255,1.0
257,274,1.0
257,265,1.0
257,80,0.0
257,267,0.0
258,277,1.0
258,259,1.0
258,266,1.0
258,267,1.0
258,244,1.0
258,278,1.0
258,276,1.0
258,240,1.0
258,241,0.0
258,232,0.0
259,258,1.0
259,267,1.0
259,232,1.0
259,278,1.0
259,277,1.0
259,266,1.0
259,244,1.0
259,240,1.0
259,241,0.0
259,245,0.0
260,278,1.0
260,252,1.0
260,235,1.0
260,305,1.0
260,265,1.0
260,256,1.0
260,229,1.0
260,308,1.0
260,269,1.0
260,248,1.0
261,266,1.0
261,270,1.0
261,231,1.0
261,242,1.0
261,253,1.0
261,241,1.0
261,230,1.0
261,235,1.0
261,240,0.0
261,277,0.0
262,245,1.0
262,232,1.0
262,264,1.0
262,267,1.0
262,253,1.0
262,240,1.0
262,278,1.0
262,263,1.0
262,274,0.0
262,275,0.0
263,274,1.0
263,262,1.0
263,249,1.0
263,235,1.0
263,264,1.0
263,266,1.0
263,278,1.0
263,241,1.0
263,240,1.0
263,261,1.0
264,262,1.0
264,232,1.0
264,278,1.0
264,254,1.0
264,257,1.0
264,250,1.0
264,263,1.0
264,256,0.0
264,237,0.0
264,235,0.0
265,254,1.0
265,253,1.0
265,271,1.0
265,278,1.0
265,274,1.0
265,270,1.0
265,272,1.0
265,267,1.0
265,231,1.0
265,266,0.0
266,231,1.0
266,241,1.0
266,261,1.0
266,277,1.0
266,232,1.0
266,235,1.0
266,253,1.0
266,274,1.0
266,276,0.0
266,270,0.0
267,259,1.0
267,258,1.0
267,262,1.0
267,253,1.0
267,254,1.0
267,232,1.0
267,244,1.0
267,278,1.0
267,265,1.0
267,277,0.0
268,255,1.0
268,278,1.0
268,273,1.0
268,277,1.0
268,276,1.0
268,267,1.0
268,245,1.0
268,259,1.0
268,275,0.0
268,266,0.0
269,278,1.0
269,271,1.0
269,276,1.0
269,253,1.0
269,235,1.0
269,260,1.0
269,265,1.0
269,240,1.0
269,250,1.0
269,264,0.0
270,91,1.0
270,261,1.0
270,236,1.0
270,231,1.0
270,245,1.0
270,235,1.0
270,266,1.0
270,239,1.0
270,79,0.0
270,272,0.0
271,265,1.0
271,278,1.0
271,272,1.0
271,253,1.0
271,275,1.0
271,269,1.0
271,276,1.0
271,235,1.0
271,240,0.0
271,229,0.0
272,253,1.0
272,271,1.0
272,278,1.0
272,270,1.0
272,273,1.0
272,265,1.0
272,274,1.0
272,254,1.0
272,275,0.0
272,229,0.0
273,261,1.0
273,235,1.0
273,278,1.0
273,268,1.0
273,272,1.0
273,253,1.0
273,276,1.0
273,242,1.0
273,275,0.0
273,270,0.0
274,266,1.0
274,253,1.0
274,254,1.0
274,231,1.0
274,245,1.0
274,239,1.0
274,234,1.0
274,235,1.0
274,261,1.0
274,256,1.0
275,276,1.0
275,253,1.0
275,266,1.0
275,241,1.0
275,236,1.0
275,231,1.0
275,278,1.0
275,277,1.0
275,239,1.0
275,240,0.0
276,277,1.0
276,278,1.0
276,241,1.0
276,266,1.0
276,275,1.0
276,253,1.0
276,240,1.0
276,236,1.0
276,237,0.0
276,261,0.0
277,258,1.0
277,266,1.0
277,276,1.0
277,236,1.0
277,278,1.0
277,261,1.0
277,259,1.0
277,275,1.0
277,231,0.0
277,241,0.0
278,276,1.0
278,260,1.0
278,235,1.0
278,253,1.0
278,259,1.0
278,277,1.0
278,254,1.0
278,245,1.0
278,229,0.0
278,271,0.0
279,103,1.0
279,283,1.0
279,284,1.0
279,112,1.0
279,287,1.0
279,291,1.0
279,304,1.0
279,302,1.0
279,106,0.0
279,285,0.0
280,283,1.0
280,289,1.0
280,299,1.0
280,302,1.0
280,142,1.0
280,279,1.0
280,124,1.0
280,295,0.0
280,287,0.0
280,284,0.0
281,284,1.0
281,291,1.0
281,141,1.0
281,280,1.0
281,285,1.0
281,120,1.0
281,142,1.0
281,30,1.0
281,282,1.0
281,130,1.0
282,293,1.0
282,288,1.0
282,286,1.0
282,291,1.0
282,287,1.0
282,285,1.0
282,292,1.0
282,284,1.0
282,4,0.0
282,12,0.0
283,279,1.0
283,287,1.0
283,284,1.0
283,289,1.0
283,291,1.0
283,285,1.0
283,280,1.0
283,252,1.0
283,282,1.0
283,302,0.0
284,287,1.0
284,279,1.0
284,291,1.0
284,285,1.0
284,282,1.0
284,283,1.0
284,288,1.0
284,289,1.0
284,293,0.0
284,252,0.0
285,284,1.0
285,291,1.0
285,282,1.0
285,293,1.0
285,288,1.0
285,287,1.0
285,304,1.0
285,279,1.0
285,302,0.0
285,252,0.0
286,293,1.0
286,288,1.0
286,282,1.0
286,292,1.0
286,220,1.0
286,225,1.0
286,298,1.0
286,226,1.0
286,223,0.0
286,221,0.0
287,284,1.0
287,283,1.0
287,282,1.0
287,291,1.0
287,279,1.0
287,285,1.0
287,288,1.0
287,289,1.0
287,293,0.0
287,302,0.0
288,293,1.0
288,286,1.0
288,282,1.0
288,292,1.0
288,285,1.0
288,223,1.0
288,298,1.0
288,225,1.0
288,289,1.0
288,219,1.0
289,293,1.0
289,288,1.0
289,287,1.0
289,292,1.0
289,300,1.0
289,283,1.0
289,282,1.0
289,233,1.0
289,284,1.0
289,302,0.0
290,291,1.0
290,287,1.0
290,279,1.0
290,284,1.0
290,289,1.0
290,292,1.0
290,302,1.0
290,280,1.0
290,103,1.0
290,304,0.0
291,284,1.0
291,285,1.0
291,282,1.0
291,290,1.0
291,287,1.0
291,279,1.0
291,304,1.0
291,288,1.0
291,252,0.0
291,299,0.0
292,288,1.0
292,293,1.0
292,286,1.0
292,282,1.0
292,300,1.0
292,289,1.0
292,291,1.0
292,251,0.0
292,290,0.0
292,3,0.0
293,282,1.0
293,286,1.0
293,288,1.0
293,292,1.0
293,285,1.0
293,300,1.0
293,289,1.0
293,225,1.0
293,298,0.0
293,219,0.0
294,299,1.0
294,295,1.0
294,298,1.0
294,300,1.0
294,296,1.0
294,304,1.0
294,302,1.0
294,301,0.0
294,291,0.0
294,289,0.0
295,294,1.0
295,304,1.0
295,300,1.0
295,278,1.0
295,302,1.0
295,296,1.0
295,299,1.0
295,298,1.0
295,271,0.0
295,288,0.0
296,304,1.0
296,300,1.0
296,303,1.0
296,302,1.0
296,297,1.0
296,294,1.0
296,301,1.0
296,295,1.0
296,299,0.0
296,298,0.0
297,298,1.0
297,301,1.0
297,296,1.0
297,300,1.0
297,288,1.0
297,304,1.0
297,303,1.0
297,219,1.0
297,223,1.0
297,221,0.0
298,297,1.0
298,300,1.0
298,301,1.0
298,304,1.0
298,294,1.0
298,288,1.0
298,219,1.0
298,296,1.0
298,286,1.0
298,293,1.0
299,302,1.0
299,294,1.0
299,304,1.0
299,296,1.0
299,301,1.0
299,295,1.0
299,303,1.0
299,279,1.0
299,298,0.0
299,285,0.0
300,298,1.0
300,296,1.0
300,293,1.0
300,294,1.0
300,297,1.0
300,295,1.0
300,301,1.0
300,302,1.0
300,221,1.0
300,219,1.0
301,298,1.0
301,297,1.0
301,300,1.0
301,303,1.0
301,296,1.0
301,299,1.0
301,304,1.0
301,221,1.0
301,294,0.0
301,285,0.0
302,304,1.0
302,299,1.0
302,296,1.0
302,303,1.0
302,295,1.0
302,300,1.0
302,294,1.0
302,279,1.0
302,233,0.0
302,285,0.0
303,304,1.0
303,296,1.0
303,301,1.0
303,302,1.0
303,300,1.0
303,299,1.0
303,297,1.0
303,298,1.0
303,295,1.0
303,288,0.0
304,303,1.0
304,296,1.0
304,302,1.0
304,298,1.0
304,295,1.0
304,294,1.0
304,279,1.0
304,299,1.0
304,285,1.0
304,291,0.0
305,308,1.0
305,315,1.0
305,312,1.0
305,314,1.0
305,310,1.0
305,313,1.0
305,309,1.0
305,260,1.0
305,307,1.0
305,243,0.0
306,309,1.0
306,310,1.0
306,284,1.0
306,305,1.0
306,285,1.0
306,308,1.0
306,307,1.0
306,298,1.0
306,314,0.0
306,219,0.0
307,315,1.0
307,219,1.0
307,313,1.0
307,123,1.0
307,305,1.0
307,312,1.0
307,246,1.0
307,100,1.0
307,105,0.0
307,310,0.0
308,305,1.0
308,310,1.0
308,314,1.0
308,260,1.0
308,315,1.0
308,313,1.0
308,235,1.0
308,312,1.0
308,236,1.0
308,140,1.0
309,314,1.0
309,311,1.0
309,313,1.0
309,305,1.0
309,312,1.0
309,310,1.0
309,306,1.0
309,315,1.0
309,293,0.0
309,308,0.0
310,305,1.0
310,308,1.0
310,313,1.0
310,309,1.0
310,312,1.0
310,314,1.0
310,311,1.0
310,306,1.0
310,315,0.0
310,298,0.0
311,314,1.0
311,309,1.0
311,313,1.0
311,312,1.0
311,310,1.0
311,305,1.0
311,308,1.0
311,315,1.0
311,299,0.0
311,129,0.0
312,313,1.0
312,315,1.0
312,305,1.0
312,314,1.0
312,311,1.0
312,309,1.0
312,310,1.0
312,307,1.0
312,0,0.0
312,236,0.0
313,312,1.0
313,315,1.0
313,314,1.0
313,311,1.0
313,309,1.0
313,305,1.0
313,307,1.0
313,310,1.0
313,236,1.0
313,123,0.0
314,311,1.0
314,309,1.0
314,313,1.0
314,305,1.0
314,312,1.0
314,315,1.0
314,308,1.0
314,310,1.0
314,288,0.0
314,285,0.0
315,307,1.0
315,312,1.0
315,313,1.0
315,305,1.0
315,314,1.0
315,123,1.0
315,309,1.0
315,286,0.0
315,310,0.0
315,105,0.0
316,0,1.0
316,2,1.0
316,10,1.0
316,9,1.0
316,15,1.0
316,12,1.0
316,16,1.0
316,18,1.0
316,13,0.0
316,4,0.0
